frame,FaceRectX,FaceRectY,FaceRectWidth,FaceRectHeight,FaceScore,x_0,x_1,x_2,x_3,x_4,x_5,x_6,x_7,x_8,x_9,x_10,x_11,x_12,x_13,x_14,x_15,x_16,x_17,x_18,x_19,x_20,x_21,x_22,x_23,x_24,x_25,x_26,x_27,x_28,x_29,x_30,x_31,x_32,x_33,x_34,x_35,x_36,x_37,x_38,x_39,x_40,x_41,x_42,x_43,x_44,x_45,x_46,x_47,x_48,x_49,x_50,x_51,x_52,x_53,x_54,x_55,x_56,x_57,x_58,x_59,x_60,x_61,x_62,x_63,x_64,x_65,x_66,x_67,y_0,y_1,y_2,y_3,y_4,y_5,y_6,y_7,y_8,y_9,y_10,y_11,y_12,y_13,y_14,y_15,y_16,y_17,y_18,y_19,y_20,y_21,y_22,y_23,y_24,y_25,y_26,y_27,y_28,y_29,y_30,y_31,y_32,y_33,y_34,y_35,y_36,y_37,y_38,y_39,y_40,y_41,y_42,y_43,y_44,y_45,y_46,y_47,y_48,y_49,y_50,y_51,y_52,y_53,y_54,y_55,y_56,y_57,y_58,y_59,y_60,y_61,y_62,y_63,y_64,y_65,y_66,y_67,AU01,AU02,AU04,AU06,AU07,AU10,AU12,AU14,AU15,AU17,AU23,AU24,Pitch,Roll,Yaw,anger,disgust,fear,happiness,sadness,surprise,neutral,input
0.0,89.01026916503906,208.95758056640625,247.42698669433594,326.8878173828125,0.9995700716972351,95.96960683166981,96.55545695126057,100.55166640877724,106.80006086826324,116.3684606552124,132.18649381399155,154.04472643136978,180.66923689842224,211.06900191307068,242.49344956874847,270.84111392498016,295.21067070961,313.44916558265686,324.95401644706726,332.4431394338608,337.7974787950516,339.9602378606796,107.44822072982788,120.51855501532555,141.99357295036316,165.57049226760864,186.67198479175568,237.578404545784,259.48448848724365,283.2219069004059,305.1927162408829,318.9476628303528,211.99195164442062,211.88814944028854,211.68260544538498,211.32013255357742,183.43807721138,196.75046122074127,210.71251487731934,225.28088068962097,238.52912545204163,128.10151562094688,143.57820844650269,160.67757892608643,176.87488800287247,160.5523910522461,143.40298449993134,248.55209505558014,265.53373777866364,282.5868022441864,297.7071989774704,283.01888513565063,265.76912224292755,159.524759888649,177.8271986246109,196.47030717134476,209.25075817108154,222.821031332016,242.53645181655884,260.3703063726425,241.85074269771576,223.17888605594635,208.27882033586502,194.0876966714859,176.9291603565216,166.703559756279,195.98174941539764,209.38603496551514,223.49416482448578,253.38733458518982,222.7649028301239,208.53035950660706,195.15088772773743,342.1390618085861,374.15957283973694,406.37322986125946,438.4299935102463,467.3085517883301,491.530504822731,509.5067765712738,521.0113077163696,523.8545715808868,520.6490657329559,509.77899980545044,493.14879965782166,470.16405379772186,441.7850036621094,410.2074282169342,378.2015709877014,345.9069450497627,295.71570187807083,277.4770737886429,269.18326169252396,269.6240480542183,277.1611555814743,275.5970087647438,268.4023650288582,267.85345137119293,276.2228060364723,294.33319115638733,315.353190779686,335.7159185409546,355.02049082517624,374.69723415374756,403.00630128383636,405.26332426071167,407.0319049358368,405.2360770702362,402.8908648490906,329.90519762039185,321.5002919435501,321.262776017189,330.8303232192993,334.944231569767,335.4016966223717,330.18738543987274,320.230189204216,320.80449390411377,329.44911801815033,334.39319533109665,334.1889568567276,456.8027172088623,441.81035029888153,433.3610569238663,436.49428844451904,433.2580007314682,442.0726799964905,455.5166640281677,464.87033677101135,469.0450361967087,470.0113523006439,469.27354669570923,465.3785128593445,455.76632928848267,448.84525871276855,449.7113960981369,448.444419503212,454.80592799186707,451.4576497077942,452.44458770751953,451.48972821235657,0.055185124,0.076097,0.0071591707,0.874078,0.98518765,0.051256765,0.9552176,0.45319238,0.25407007,0.010231276,0.009565501,0.0009365536,1.9345005951247027,0.8580863533325286,0.7847894199711087,0.025823217,0.00017229501,0.0012238192,0.00083549524,0.039769966,0.007216645,0.9249585,sample_2.mp4
24.0,91.52307891845703,213.93460083007812,245.17791748046875,333.4660339355469,0.9995661377906799,99.16508768498898,98.5292202681303,101.33662291616201,106.60402257740498,115.45344707369804,130.9412224292755,152.91934502124786,180.0749173462391,211.1866160929203,243.08827412128448,271.78751689195633,296.1518610715866,314.37980246543884,325.8434389233589,333.2211573123932,338.28047317266464,340.19867819547653,115.52117821574211,128.70625738799572,149.65762984752655,172.42914047837257,192.54239720106125,241.36891943216324,262.4674690961838,285.2184687256813,306.03680980205536,318.6688084602356,216.68213140964508,216.3256637454033,215.94238144159317,215.39393854141235,188.0300648212433,200.7833271920681,214.2374539077282,228.04118198156357,240.6331608891487,135.60875882208347,150.69514539837837,167.21742075681686,182.45792996883392,166.7839818894863,150.32539349794388,251.32406097650528,267.43405026197433,283.73225194215775,298.02769017219543,283.7933189868927,267.3687632083893,162.87783619761467,180.65344539284706,199.6104636490345,212.23590371012688,225.71194809675217,244.88253396749496,261.1481712460518,244.33168214559555,225.91005992889404,210.9345057308674,196.69250336289406,179.28100180625916,169.8573527932167,198.91265001893044,212.08877485990524,225.98155391216278,254.2705414891243,225.6800166964531,211.45081502199173,198.09220996499062,341.8069322705269,374.3677117228508,407.44415867328644,440.3729756474495,470.48025953769684,496.6077058315277,516.8661396503448,530.7297830581665,535.1012902259827,531.9754945039749,520.0209655165672,501.9773505926132,477.68086063861847,448.411459505558,416.37239623069763,384.0420995950699,351.7290258705616,296.43332678079605,279.13847330212593,271.61263260245323,272.8214541375637,280.9329001903534,281.046625033021,274.3706897199154,274.38003528118134,283.172019302845,301.0164498090744,321.0026403069496,341.2117176055908,360.3232936859131,379.8611082434654,407.37776386737823,410.08182245492935,412.2681562900543,410.7502718567848,408.6139099597931,332.5772981643677,324.9102366268635,325.1154345571995,334.70529037714005,338.39387702941895,338.32248854637146,336.271142244339,327.22854244709015,328.20886808633804,337.021934568882,341.32300275564194,340.67946019768715,461.47460240125656,445.95499235391617,437.6456190943718,441.0358862876892,438.1115608215332,447.47206795215607,462.4018965959549,474.93493604660034,480.83410400152206,481.80836337804794,480.54396080970764,474.25094294548035,460.62720704078674,453.4187285900116,454.67899906635284,453.74068009853363,461.53878170251846,462.3313345313072,463.2756494283676,461.9845025539398,0.04369351,0.04130533,0.011251819,0.76755184,0.98669827,0.04183347,0.93751454,0.12516883,0.43193948,0.012212324,0.007019766,0.00088373694,0.5411022419306998,2.017724440057719,-0.726171173092241,0.19135918,0.0023408523,0.10770077,0.0018102968,0.095000304,0.08419024,0.5175984,sample_2.mp4
48.0,85.5745849609375,208.21141052246094,249.39739990234375,336.794677734375,0.9994307160377502,98.47970366477966,98.1424605846405,101.32135212421417,107.17332869768143,116.42889440059662,132.39918261766434,154.87465023994446,181.62845134735107,212.15222239494324,243.12801718711853,271.131888628006,295.5851411819458,313.74677181243896,325.207976102829,332.69389629364014,338.16891074180603,340.74955344200134,114.18355017900467,125.23161381483078,146.4173412322998,170.9022080898285,192.38219618797302,243.21234583854675,266.4502000808716,291.1912178993225,312.6036858558655,322.92757987976074,217.1592092514038,216.74559473991394,216.38787746429443,215.8426558971405,190.37744164466858,202.4358308315277,214.72562313079834,226.9670820236206,238.3165454864502,136.82302594184875,151.1336749792099,169.05917286872864,184.61696863174438,168.68724882602692,150.95376133918762,250.02912640571594,266.9054067134857,284.808669090271,298.55175375938416,284.8249590396881,266.84083700180054,164.79002594947815,181.14661037921906,200.65918028354645,212.90976762771606,225.89482426643372,244.91222262382507,259.1571843624115,243.94478559494019,225.7728910446167,211.20606422424316,197.39190995693207,179.7755992412567,171.64646744728088,199.95269536972046,212.60095596313477,225.77287316322327,252.22816228866577,225.53657054901123,211.79094672203064,198.69962990283966,338.01128363609314,371.3997254371643,404.9237976074219,437.9464576244354,467.925847530365,494.16402077674866,514.9358341693878,529.8394212722778,534.6368560791016,531.1362156867981,519.7198221683502,502.9318759441376,479.5949230194092,450.6359348297119,418.21317768096924,385.49459075927734,352.5830099582672,288.88765370845795,266.8127963542938,254.85471731424332,253.76776999235153,261.70575192570686,261.7923649251461,255.33759316802025,257.77459239959717,271.3918367624283,294.60724091529846,308.2643518447876,327.01510286331177,344.4107393026352,362.36831641197205,394.01382303237915,395.91856694221497,397.50816917419434,396.5806791782379,395.5058822631836,322.79276943206787,311.3239834308624,311.39466857910156,324.7446039915085,329.05753350257874,329.2282292842865,326.57432651519775,313.6417249441147,314.83523643016815,327.73829793930054,332.5207749605179,331.6540369987488,452.67056918144226,433.183963060379,423.1884608268738,426.247323513031,423.5490927696228,434.75852704048157,453.2867262363434,468.8321301937103,476.2112627029419,477.5384554862976,476.3749489784241,468.839640378952,451.2212464809418,439.0339324474335,439.9865458011627,439.263064622879,452.0174512863159,457.6294193267822,458.87274837493896,457.74182176589966,0.34846488,0.4104383,0.033496536,0.3727687,0.8981443,0.06568519,0.9756979,0.05930926,0.23093052,0.050684433,0.009672617,0.00075716287,3.5123782731157527,2.300775516157244,-1.563577552984749,0.04891809,0.0003315481,0.1432576,0.0018389658,0.005484904,0.7807198,0.019449105,sample_2.mp4
72.0,86.668212890625,204.1487274169922,247.31805419921875,346.95391845703125,0.9993151426315308,100.4643240571022,100.49423256516457,103.75056010484695,109.48432824015617,118.90565875172615,135.07076036930084,157.7521903514862,184.62245780229568,214.48419564962387,244.8334802389145,272.4453264474869,296.68451261520386,315.0427071452141,326.8605420589447,334.52120941877365,340.05988627672195,342.81630182266235,117.80149576067924,128.60593765974045,149.7881981432438,174.49141317605972,195.91470313072205,247.95837497711182,271.0031327009201,295.66946440935135,316.72337234020233,326.57103407382965,221.7412087917328,221.45267444849014,221.22231078147888,220.770417034626,193.6632005572319,206.27848356962204,219.40276885032654,232.40039217472076,244.43294167518616,139.77899152040482,154.93886986374855,172.73567134141922,188.78477680683136,172.59104126691818,154.8820357322693,254.54879748821259,271.38272911310196,288.88578283786774,303.20416021347046,289.1513392329216,271.40542382001877,166.86301761865616,183.90833574533463,204.83523651957512,217.89735919237137,231.28608560562134,251.1561866402626,264.3299683332443,249.31802159547806,230.49348801374435,214.97634506225586,199.9489262700081,181.31839525699615,173.0309680700302,204.0933302640915,217.72690105438232,231.50796973705292,257.99736618995667,230.06712138652802,215.358295917511,201.0722700059414,339.02043402194977,372.32471284270287,405.51415503025055,438.2550404071808,467.75568103790283,492.94664639234543,512.5070939064026,526.10302901268,530.6538665294647,527.3656123876572,516.625067949295,500.9893000125885,478.9586345553398,451.0953232049942,419.6435042619705,387.7827026247978,355.5545016527176,290.1671033501625,267.3533642888069,254.6732455790043,253.14399054646492,261.00284492224455,261.1812271773815,255.12333366274834,257.85164415091276,272.2745618969202,296.5205148756504,310.7198335528374,329.09411972761154,345.94331097602844,363.2308357954025,393.28896605968475,395.4505749344826,397.33928084373474,396.38328844308853,395.25729817152023,326.30155551433563,315.59770852327347,315.68602669239044,328.2725518643856,332.23259234428406,332.2943920493126,330.27091640233994,318.19786339998245,319.2983973622322,331.5240023434162,335.68791458010674,335.0228729248047,451.11651319265366,429.463390648365,418.97305446863174,421.632619202137,419.4124501943588,431.17275172472,451.9861701130867,470.21065706014633,479.6953982114792,481.3018010854721,479.8352662920952,470.2749882340431,449.67876279354095,433.9776369333267,434.94497668743134,434.2816433310509,450.82142889499664,462.7375485301018,464.31442350149155,462.8347356915474,0.18134372,0.123252235,0.13951181,0.22935364,0.85195065,0.07696383,0.95001924,0.10510182,0.127404,0.026370067,0.013065351,0.00047158982,4.234384467936786,2.5182554349308655,-1.8913331434047356,0.03913458,0.00021198546,0.17628323,0.0014512975,0.0022907904,0.7747761,0.005852021,sample_2.mp4
96.0,96.99678802490234,204.93605041503906,249.66461181640625,347.45025634765625,0.9993842840194702,101.59389963746071,102.38628676533699,106.35332530736923,112.21899455785751,121.51571875810623,137.48327112197876,159.95860016345978,186.8650815486908,216.91261744499207,247.53085589408875,275.35834527015686,299.68966460227966,317.84686064720154,329.22550654411316,336.3455913066864,341.62053084373474,344.4020709991455,118.06108719110489,129.18676948547363,150.4389307498932,175.19330596923828,196.8878082036972,248.4860441684723,271.6579339504242,296.31415820121765,317.570485830307,327.8396270275116,222.98383331298828,222.619553565979,222.27957463264465,221.70050358772278,195.93923604488373,208.1669977903366,221.0143051147461,234.02963495254517,246.00251531600952,141.40177285671234,156.44297516345978,174.23823392391205,190.230055809021,174.23427319526672,156.46485304832458,255.7352147102356,272.20317339897156,289.7122583389282,304.2702696323395,290.4304823875427,272.6404986381531,169.93711507320404,186.43153822422028,206.69554686546326,219.4428346157074,232.4508330821991,251.81393241882324,264.56996417045593,249.63483428955078,231.1834535598755,215.92728114128113,201.14738857746124,183.20723688602448,175.9226701259613,206.24503409862518,219.55803549289703,233.06128597259521,258.0575428009033,230.56148505210876,216.07466852664948,202.14136159420013,337.83656644821167,371.70651841163635,405.3769676685333,438.38689613342285,468.2916491031647,493.875506401062,513.6878578662872,527.4305849075317,531.6893963813782,527.6649742126465,515.3721599578857,498.16364336013794,474.93683981895447,446.29962730407715,414.5310788154602,382.5462191104889,350.17456698417664,291.96594643592834,269.17540419101715,256.66194248199463,255.20706090331078,262.9412016570568,263.0323811173439,256.63372787833214,258.68866431713104,272.3812072277069,296.21771264076233,312.1685950756073,330.96751856803894,348.292603969574,366.0364805459976,394.62983894348145,396.9152419567108,398.9972620010376,397.85079646110535,396.410861492157,327.526709318161,317.0270411968231,317.0250027179718,329.385623216629,333.6849718093872,333.8070123195648,330.73656249046326,318.78882336616516,319.5209412574768,331.2377064228058,336.08456540107727,335.6458543539047,452.06206727027893,431.1240999698639,421.0195748806,423.71757316589355,421.5479700565338,432.89174723625183,453.1592695713043,471.9441204071045,481.96074056625366,483.5655241012573,481.901731967926,471.69499683380127,450.77798652648926,435.3854684829712,436.41566920280457,435.7961504459381,452.3265151977539,465.5152587890625,467.1394078731537,465.4029815196991,0.21695445,0.097968,0.27774465,0.14690717,0.8914316,0.067952976,0.9278576,0.11046249,0.07818043,0.024468418,0.010681513,0.00063673523,2.6360298417069195,2.024777620761156,-1.471409739434534,0.055451915,0.00049763895,0.1699655,0.0015159555,0.001393658,0.76124465,0.00993067,sample_2.mp4
120.0,99.33627319335938,204.31468200683594,251.6986083984375,333.55859375,0.9994134902954102,103.74095802009106,104.20193126797676,108.0302346944809,113.95252434909344,123.4903230369091,139.4284424930811,161.6388719677925,188.56763446331024,218.83790555596352,249.52608984708786,276.6946918964386,300.27059495449066,318.22265779972076,330.00643742084503,337.8901513814926,343.8118405342102,346.8160115480423,121.08206662535667,134.14088334143162,156.3318890631199,181.2337906062603,203.0974957048893,253.20345509052277,276.2823231816292,300.6847155094147,322.00787860155106,332.84369599819183,227.6870549917221,227.0274600982666,226.41800034046173,225.65168768167496,198.41118794679642,211.1681599020958,224.61537492275238,238.21994853019714,250.64504611492157,143.39341653883457,159.25861790776253,177.0214459002018,192.95755615830421,176.65887820720673,158.82073011994362,261.1551115512848,278.203242957592,295.7003872394562,310.2521826028824,296.0907766819,278.30277276039124,172.22656017541885,189.47307392954826,210.17253679037094,223.18352556228638,236.5212957262993,255.86254972219467,268.5518681406975,253.1242791414261,234.48914313316345,218.95415911078453,203.901924431324,185.7453748881817,178.45082101225853,209.62302789092064,223.2252536714077,237.10747587680817,261.80298537015915,234.0528085231781,219.26895755529404,205.1218553185463,331.9666214585304,366.1612582206726,400.2121357321739,433.61273741722107,464.0194624066353,490.15301591157913,510.6715425848961,524.7993384599686,529.058043718338,525.0843646526337,512.0809792280197,493.9718467593193,470.28776305913925,441.65613973140717,410.1702451109886,378.4456306695938,346.3097853064537,288.36829659342766,267.3887560367584,256.8272528722882,256.634148620069,264.8601915538311,265.97944581508636,259.7878920137882,261.1857475489378,273.2354185730219,295.22712087631226,310.00182434916496,328.7336456775665,346.2322708964348,364.1588236987591,392.92720794677734,395.2181994318962,397.43227249383926,396.39462327957153,395.05661475658417,322.77556520700455,313.2687081694603,313.51092264056206,325.4875220656395,329.1203688979149,328.98987486958504,327.5310074388981,316.48887023329735,317.49412846565247,328.56241685152054,333.144779086113,332.424375474453,451.5630845427513,431.25653052330017,421.1244652271271,424.3383513689041,421.98414915800095,433.74036890268326,453.84327602386475,471.87689876556396,481.44781535863876,482.8177904486656,480.9987483024597,470.7577618956566,450.2861737012863,436.51681876182556,437.76232290267944,437.1868705153465,452.8929298520088,463.3975411057472,464.86876171827316,462.9067188501358,0.10902863,0.05930383,0.028221583,0.35690948,0.92951775,0.05242646,0.9484668,0.10112388,0.146832,0.043320205,0.012249707,0.0010152183,1.2353393702950295,2.591990544489383,-2.0094341735792205,0.02859279,0.0016628047,0.47575843,0.00069930515,0.0071156486,0.38632077,0.099850245,sample_2.mp4
144.0,98.34477233886719,203.46815490722656,254.07456970214844,327.7293701171875,0.9996650218963623,105.05137279629707,104.49233311414719,107.09068460762501,112.24823069572449,121.9391653239727,138.44005805253983,160.95029336214066,188.41841447353363,220.15590745210648,252.3701502084732,280.07564306259155,303.8141305446625,322.7222321033478,334.83757495880127,341.8058295249939,345.7280580997467,346.7348520755768,121.89056745171547,135.45071893930435,157.1353284716606,180.4595895409584,200.87135249376297,251.14806282520294,271.8670438528061,294.40496599674225,314.96121847629547,327.2900490760803,226.8476310968399,226.99813950061798,227.08937108516693,227.00534391403198,195.66851663589478,210.06030821800232,225.50374352931976,240.79451823234558,254.59957873821259,142.96239602565765,158.91076040267944,175.1990636587143,191.1338126063347,175.3767208456993,159.12589877843857,261.1824610233307,277.2487953901291,293.1770786046982,308.3913406133652,293.69648945331573,277.47541522979736,164.80524730682373,185.88392007350922,208.2783558368683,222.73372864723206,237.89907360076904,259.4582169055939,277.25702118873596,259.4962270259857,238.74831891059875,221.24765878915787,204.40643048286438,183.07821142673492,171.43566048145294,207.4925458431244,222.70799338817596,238.45693230628967,270.374289393425,238.05561912059784,221.53605419397354,205.78201746940613,326.36417186260223,359.4024718403816,392.88370645046234,426.6104656457901,457.6440509557724,485.0727849006653,507.3806217908859,523.8376724720001,529.3425738811493,525.2687790393829,510.4906120300293,489.8412675857544,464.02216374874115,433.7511336803436,400.9171198606491,368.16742503643036,335.712527513504,287.6718117594719,270.50249537825584,263.315176486969,264.88176250457764,273.168711990118,272.9099869132042,265.99116921424866,265.4950632750988,273.6416817307472,291.167612016201,314.1877100467682,334.735463142395,354.0985553264618,374.0366144180298,398.33609771728516,402.0458781719208,405.01964116096497,403.0490425825119,400.2028615474701,325.43768429756165,319.6059761047363,319.6536073088646,327.40054953098297,330.6626167297363,330.65626043081284,329.0758948326111,321.5822287797928,322.2258656024933,329.0189526081085,333.01601588726044,332.76719003915787,446.8087043762207,434.3267207145691,428.2839505672455,432.0141952037811,429.3126678466797,437.1186771392822,450.1648666858673,469.76873219013214,479.7615818977356,481.09828329086304,479.0012882947922,467.8642500638962,446.85672771930695,443.6151976585388,445.63553404808044,444.48649394512177,450.1187584400177,460.2388070821762,461.62444376945496,459.5429519414902,0.07388684,0.092696406,0.009045998,0.64539206,0.94673795,0.030984122,0.9866436,0.4292646,0.15926015,0.008251597,0.002409694,6.190763e-05,-2.1769910509607238,1.8982193503711369,-1.353528481539247,0.0029687104,0.016865306,0.0054711644,0.5241845,0.00041808668,0.43227193,0.017820358,sample_2.mp4
168.0,98.43447875976562,206.8854217529297,254.04696655273438,326.0513916015625,0.9996622800827026,104.66490161418915,104.15202261507511,106.6002236455679,111.8986342549324,122.54059705138206,140.01118558645248,162.81329995393753,189.8230197429657,221.07632142305374,252.87121260166168,279.9802894592285,303.57109558582306,322.8717920780182,335.4659274816513,342.55052876472473,346.40675032138824,347.49168026447296,123.02853646874428,136.70658499002457,158.23830592632294,181.29248356819153,201.31959468126297,252.72827339172363,273.2524069547653,295.5863256454468,316.06743335723877,328.4049274921417,227.923623919487,228.14588463306427,228.31249809265137,228.33347296714783,195.3498262166977,210.30475670099258,226.43041348457336,242.23093235492706,256.3758587837219,143.90973991155624,160.20501047372818,176.23116427659988,191.85557627677917,176.17351073026657,160.09870433807373,261.7576285600662,277.93901467323303,293.6514390707016,308.8884451389313,294.0060603618622,277.9461096525192,161.83892583847046,184.57244324684143,208.32042413949966,223.38285541534424,239.21645987033844,261.5658270120621,280.20625269412994,261.64905166625977,239.68817567825317,221.1725960969925,203.43738216161728,180.7678563594818,168.15420520305634,207.25712567567825,223.1767179965973,239.64662718772888,273.68974220752716,239.24208569526672,221.79385364055634,205.1237894296646,327.63762044906616,360.87574714422226,394.65814447402954,428.73491048812866,459.71067810058594,486.80359518527985,509.116064786911,525.9741733074188,531.6665353775024,527.0177371501923,511.202171087265,489.97993898391724,464.1106413602829,433.9113818407059,400.95666217803955,368.19199311733246,335.6693376302719,289.4332088828087,272.82501143217087,266.05503326654434,267.8669797182083,276.2550782561302,275.9409065544605,268.99238204956055,268.23962116241455,276.12131783366203,293.4597737789154,316.7402155995369,338.2004760503769,358.3973833322525,379.05159759521484,400.3296775817871,404.72672259807587,408.1664743423462,405.6247937679291,402.17752754688263,326.76260340213776,321.22138810157776,321.5343970656395,329.30120158195496,331.85136330127716,331.5906364917755,331.16315031051636,323.677655339241,324.2933135032654,330.7727805376053,334.4812113046646,334.3117160797119,443.8908805847168,433.26590287685394,428.75209164619446,432.36099207401276,429.7839095592499,436.1171908378601,447.1144269704819,470.34825897216797,482.4795792102814,484.1037640571594,481.6886258125305,468.45441019535065,444.5635174512863,442.62622332572937,444.87843239307404,443.4659478664398,447.554625749588,463.858195066452,465.60430777072906,463.2475526332855,0.14509304,0.3391952,0.003757729,0.9308142,0.9849086,0.09147029,0.99788225,0.66363513,0.19452232,0.011254277,0.001594113,4.643447e-05,-2.4174709369749645,1.8785714442592625,-1.197512454276499,0.00043171216,0.0022100795,0.0015425347,0.96822095,6.60317e-05,0.027114213,0.0004144672,sample_2.mp4
192.0,99.51102447509766,208.26185607910156,257.27789306640625,326.319580078125,0.9996508359909058,107.33762167394161,107.03943922370672,109.58541025966406,114.7042907178402,125.10291761159897,142.48989279568195,165.3247899711132,192.7123688161373,225.0176201760769,257.9402649998665,285.7797991037369,309.3940055370331,328.17283034324646,339.9836355447769,346.59370452165604,350.77324545383453,352.451478600502,125.83201985061169,139.32195606827736,160.5694614648819,183.26521649956703,203.25632163882256,255.40832835435867,276.290230512619,298.7721084356308,319.5454374551773,332.32194501161575,230.02543878555298,229.82000625133514,229.5583809018135,229.22833329439163,196.83284375071526,211.6453877389431,227.95518201589584,244.0749318599701,258.46521013975143,147.09023521840572,163.16659724712372,178.90358763933182,194.1345295906067,178.59502443671227,162.81569144129753,264.8504710197449,281.1756349802017,296.59401524066925,311.5742536187172,296.6051211953163,280.80182659626007,165.05122065544128,187.38725695014,210.5109043419361,225.75607407093048,241.98257368803024,264.64566469192505,284.5121363401413,265.6541332602501,243.3840236067772,224.57158625125885,206.76931190490723,184.33319309353828,171.41576147079468,209.5744771361351,225.6455578505993,242.5420891046524,277.9461780786514,242.897755920887,225.08719354867935,208.33363994956017,324.3686122894287,358.2630005180836,392.7053193449974,427.608424782753,459.6135022640228,487.8788198828697,511.36338317394257,529.2496428489685,535.2632133960724,530.5574564933777,514.0043902397156,491.4821588397026,464.3455229997635,433.15366661548615,399.44492095708847,366.052722632885,332.85206058621407,287.9810109138489,271.6512655168772,265.39516431093216,267.5512712150812,275.93349969387054,275.6149540245533,268.7163972854614,267.8820002824068,275.5353245139122,292.8414407968521,315.16564363241196,337.3940092623234,358.4413312077522,379.97605353593826,399.54575860500336,404.4356201887131,408.3218570947647,405.3055682182312,401.41104328632355,324.7903622984886,319.9832336306572,320.39656668901443,327.2933092713356,329.8080068230629,329.4389870762825,329.4215453863144,322.99390506744385,323.7857246398926,329.7112579345703,333.1750909984112,332.7291952073574,443.522944688797,433.72112011909485,429.62488305568695,433.14543384313583,430.39077031612396,435.87512278556824,445.7385365962982,469.21026265621185,481.19220638275146,482.87309169769287,480.47659981250763,467.74199283123016,444.46540373563766,442.92650151252747,445.14610850811005,443.57455146312714,446.3778933286667,462.8598299026489,464.7040445804596,462.40973484516144,0.100535646,0.15067124,0.0060456395,0.95712084,0.99112916,0.13026178,0.99833006,0.6818445,0.21259181,0.012910329,0.0012142058,8.952117e-05,-2.8273879049682127,1.7603320379485006,-0.7613807221236457,9.778583e-05,0.00066927256,0.00026907097,0.9871711,2.8336055e-05,0.011507019,0.00025730475,sample_2.mp4
216.0,100.86600494384766,209.734130859375,255.14883422851562,328.52886962890625,0.9996312856674194,110.39446033537388,109.83197201043367,112.19140827655792,117.10413187742233,127.09117881953716,143.70323413610458,165.50893813371658,191.81402722001076,222.99892982840538,255.0262005329132,282.35025775432587,306.0331262946129,325.5403581857681,338.4982739686966,346.11732774972916,350.8234049677849,352.78428572416306,127.39236505329609,141.27756828069687,162.87455815076828,185.99127635359764,206.20252043008804,257.44022846221924,278.4693387746811,301.13112568855286,321.85384380817413,334.34450417757034,232.4829887151718,232.20236098766327,231.8387489914894,231.3350244164467,198.19118985533714,213.17707830667496,229.4632762670517,245.64484268426895,260.05477273464203,148.16105389595032,164.4603994190693,180.52767261862755,196.15122243762016,180.3421428501606,164.22485035657883,266.77190554142,283.2477687597275,299.04993146657944,314.30853348970413,299.2663127183914,283.1052224636078,164.34913462400436,187.09423518180847,210.76578602194786,225.97543922066689,242.11077415943146,264.6126310825348,283.55042803287506,264.40838181972504,242.1098409295082,223.35426169633865,205.51511424779892,182.96703499555588,170.74724918603897,209.6947491466999,225.75463885068893,242.53277707099915,276.76487666368484,241.8915383219719,224.14210903644562,207.38116237521172,328.550999045372,361.91626527905464,395.7986506819725,430.03270822763443,461.33428287506104,488.9246765971184,511.7811425924301,529.1512230634689,535.1253584623337,530.9638849496841,515.2603335380554,494.03184139728546,468.2657840847969,438.1753405928612,405.251830637455,372.4840877354145,339.91463789343834,292.1116734445095,275.60381507873535,269.1227345466614,271.0957381427288,279.59254041314125,279.61910086870193,272.93833658099174,272.4892562776804,280.57047387957573,298.2139907181263,319.4580092430115,341.1707745194435,361.6641925573349,382.63031899929047,403.07767939567566,407.7520450949669,411.5746829509735,409.0993912220001,405.70219641923904,328.77570617198944,323.6309834420681,324.0814956128597,331.65989899635315,334.08821815252304,333.7090340256691,334.2391909658909,327.20531809329987,328.0465974211693,334.48280972242355,338.0422584414482,337.62170112133026,447.22018671035767,436.80184572935104,432.4872859120369,436.3397139310837,433.8531319499016,440.4734833240509,451.7176595926285,474.573521733284,486.1714836359024,487.5539082288742,484.96397560834885,471.7691841125488,447.9667706489563,446.49804973602295,448.93220615386963,447.71348106861115,452.10941487550735,467.10823130607605,468.65812492370605,466.13532996177673,0.063804194,0.10166397,0.013780008,0.93643457,0.9851168,0.078376375,0.99601823,0.57479763,0.23571327,0.005141465,0.0010862643,6.491244e-05,-2.61632093594196,2.5828621376977408,-0.601259325337429,0.00034372893,0.0037695994,0.0009918292,0.9307525,0.00020287144,0.0604926,0.0034468875,sample_2.mp4
240.0,104.882568359375,213.41818237304688,245.2056884765625,325.0927429199219,0.9995905756950378,111.3183956593275,110.5483803153038,112.60191794484854,117.13833294808865,126.80444784462452,143.14662992954254,164.90098655223846,191.53017431497574,223.03000837564468,255.53374737501144,283.4411230683327,307.35297679901123,326.7633646726608,339.4946038722992,346.6617614030838,350.99562257528305,352.8228688240051,127.90157102048397,141.18703804910183,162.35002636909485,185.15373215079308,205.33382326364517,255.12180417776108,276.00594222545624,298.6447423696518,319.4348621368408,332.2079321742058,230.66637814044952,230.24316400289536,229.70015436410904,228.99882405996323,196.17577984929085,211.24617874622345,227.87774354219437,244.61421072483063,259.3849977850914,148.49409326910973,164.52940598130226,179.62739318609238,194.87115532159805,179.76471930742264,164.58512768149376,265.7939252257347,281.92582339048386,296.8943354487419,312.1153622865677,297.06178188323975,281.6708117723465,166.27464339137077,187.66380220651627,209.83372420072556,224.8022362589836,240.62545835971832,262.7823334932327,281.9629770517349,263.17263156175613,241.5988913178444,223.1869487464428,205.60973271727562,184.18458953499794,172.4568508565426,208.95838886499405,224.76413309574127,241.3327494263649,275.32659113407135,241.0651656985283,223.64469662308693,207.16585218906403,328.1960906982422,361.2964598238468,394.77828258275986,428.42838698625565,459.6312730908394,487.51315289735794,510.8612837791443,528.4165205955505,534.4933333396912,530.5327847003937,514.9289854764938,493.4727900624275,467.3589532971382,436.7918291091919,403.69665586948395,370.8749040365219,338.12031188607216,298.7407366335392,282.6217710375786,276.2015902400017,277.83045211434364,285.7314603924751,285.3430217653513,278.91779014468193,278.5133726298809,286.40400671958923,303.5030254125595,323.86061185598373,346.1943932771683,367.39215710759163,389.0785979628563,406.89176523685455,412.1538876891136,416.28293776512146,413.4949361681938,409.51469415426254,332.6875516176224,329.03049194812775,329.1685653626919,334.6833344697952,337.10999780893326,336.90541529655457,336.5673486292362,331.358785122633,332.20249676704407,337.0108979344368,340.10829651355743,339.69752261042595,449.7617801427841,440.97139620780945,437.45081865787506,441.3698353767395,438.8643633723259,444.66963613033295,454.6877261400223,475.236988902092,486.0646172761917,487.37900936603546,484.77195823192596,472.2471126317978,450.4694756269455,450.5429389476776,453.12354469299316,451.8262788057327,455.1241453886032,468.20232206583023,469.7555842399597,467.11199486255646,0.05085141,0.05658761,0.0046235803,0.9614454,0.9909739,0.026850836,0.9927546,0.6942208,0.16035189,0.0076330956,0.0008687052,8.598369e-05,-3.994720071784401,2.310444792189104,0.1990544892736196,0.00010064898,0.0057371147,0.00031433452,0.9775612,0.00014893379,0.0008900841,0.015247658,sample_2.mp4
264.0,101.12329864501953,214.78753662109375,244.66818237304688,328.83837890625,0.9996684789657593,109.45160236954689,108.0262148976326,109.62220498919487,114.82810392975807,125.65642857551575,142.80691602826118,164.06887316703796,189.25805073976517,219.575304210186,251.02537274360657,277.81311202049255,301.405375123024,321.69523203372955,336.08566069602966,344.54595947265625,349.1638922691345,350.99750900268555,127.39706858992577,141.02012279629707,161.8423473238945,184.38052088022232,204.24740666151047,254.41448652744293,274.78752875328064,297.1936432123184,317.9712566137314,331.0432322025299,229.67431163787842,228.87009346485138,227.9903303384781,227.04196166992188,193.08482056856155,208.63862574100494,225.939173579216,243.42806684970856,258.84677255153656,146.44575661420822,163.20317286252975,178.49209755659103,193.9987988471985,178.33892232179642,162.98633378744125,264.79645895957947,281.18785631656647,296.4387719631195,312.224302649498,296.6776559352875,280.9831612110138,161.37206202745438,184.12193143367767,207.6060028076172,222.82898557186127,238.92346024513245,262.2325918674469,282.298775434494,262.29164695739746,239.39725029468536,220.23196351528168,201.8818998336792,179.5124626159668,167.28047120571136,206.4834829568863,222.75560480356216,239.72415614128113,275.7708923816681,239.09931123256683,221.2076604962349,204.13664770126343,328.14653420448303,361.0837045311928,394.6274950504303,428.47331643104553,459.6442576646805,487.3188922405243,510.81757843494415,528.9912478923798,535.4813847541809,531.6498484611511,515.6962999105453,494.75836157798767,469.9257313013077,440.821210026741,408.55431497097015,376.15142673254013,343.81455051898956,301.25089234113693,286.6090677380562,281.01088178157806,283.08203315734863,291.2518229484558,291.2601905465126,284.92678624391556,284.5254744887352,292.0171120762825,308.4977842569351,330.118763923645,353.2731431722641,375.16919338703156,397.4629805088043,413.6543616056442,419.7391211986542,424.28751969337463,421.5674457550049,417.2159968614578,336.0234931111336,333.0634399652481,333.65364038944244,339.65525847673416,341.6641741991043,340.98752027750015,342.4337829351425,336.9453921318054,337.7831507921219,342.67356938123703,345.981276512146,345.65757751464844,452.86709904670715,446.80653977394104,444.89863979816437,449.05156195163727,446.7223205566406,451.6184080839157,459.6532824039459,481.9787700176239,494.3434513807297,495.7089732885361,492.62626254558563,477.81638503074646,454.2945499420166,457.6072425842285,460.5790629386902,459.1934587955475,460.6327557563782,476.3591262102127,477.9730474948883,474.80690610408783,0.063610345,0.10650643,0.0031248613,0.98719287,0.9965035,0.11432317,0.998486,0.4541757,0.20034991,0.004371139,0.0015504106,7.9912905e-05,-5.507711681375623,3.090308964247377,-0.09141936036680154,0.00026590037,0.0011425545,0.0007164154,0.99283856,0.00011472532,0.004606517,0.00031524338,sample_2.mp4
288.0,102.3087387084961,212.74217224121094,248.90487670898438,337.289794921875,0.9996123909950256,112.88193063437939,111.41135013848543,112.8177075907588,117.38344269990921,127.68021285533905,144.68729193508625,166.6292777955532,193.017332136631,224.35676950216293,256.8312944173813,284.43384128808975,308.26695507764816,328.1014475822449,341.6439753770828,349.40999805927277,353.8219600915909,355.6815033555031,130.56579214334488,144.13876846432686,165.27124857902527,188.0045441389084,207.87149012088776,259.31960821151733,279.9255168437958,302.47419649362564,323.2676794528961,335.98042476177216,233.7222620844841,232.8566756248474,231.90212279558182,230.8063144683838,196.72628697752953,212.3715007007122,229.77015566825867,247.36038595438004,262.86013823747635,150.14692118763924,166.84794223308563,182.02593994140625,197.48951399326324,181.96784982085228,166.68149563670158,268.97190684080124,285.5921862721443,300.7548394203186,316.44801157712936,300.8093740940094,285.1621108651161,165.20673370361328,187.59785982966423,210.97682988643646,226.50267326831818,242.86815458536148,266.3261197209358,286.68535697460175,266.8645694255829,244.00871342420578,224.6253616809845,206.12003600597382,183.51269593834877,171.15944284200668,209.9789968430996,226.47912177443504,243.72990936040878,280.059144616127,243.71076875925064,225.5055709183216,208.16071102023125,330.8034089207649,364.287413418293,398.3440498113632,432.66995561122894,464.3285812139511,492.58285307884216,516.4729253053665,534.6799142360687,541.173354268074,536.9734358787537,520.6418159604073,498.92345345020294,473.14808547496796,443.0476188659668,410.2307195663452,377.5619104206562,345.04109340906143,302.09533193707466,286.82837677001953,281.0085201561451,283.1873140335083,291.603324085474,291.7657474130392,285.3031925410032,284.7113443017006,292.4073629975319,309.4997148811817,331.54169434309006,354.50016820430756,376.15771386027336,398.23465967178345,414.42554092407227,420.39979660511017,425.0062656402588,422.1518744826317,417.76734018325806,338.784380197525,335.8379216790199,336.3896931707859,341.95729127526283,344.0499346256256,343.4109967648983,344.6611952483654,339.67235082387924,340.55270263552666,345.2082261443138,348.3393718600273,347.9213439822197,453.43864846229553,446.2462022304535,443.92587661743164,447.91585433483124,445.63928121328354,450.76336628198624,459.9283459186554,482.7395048737526,495.20696890354156,496.58705258369446,493.5403108596802,478.79680836200714,454.606831073761,456.7008556127548,459.59272599220276,458.2190403342247,460.7241600751877,477.4914336204529,479.1469352245331,476.05863308906555,0.055749208,0.020851003,0.021179803,0.9744206,0.9960263,0.044428762,0.9958333,0.53823656,0.17019269,0.0077654645,0.0012594861,0.00012938838,-4.429069554106749,2.881844455742109,0.23455555006379708,0.00027998796,0.0012352441,0.0014758313,0.9749888,0.0003051558,0.020044232,0.0016706989,sample_2.mp4
312.0,100.77906036376953,217.2160186767578,245.46630859375,331.7188720703125,0.999650239944458,110.71108056604862,110.04035851359367,112.69555071741343,117.7127214372158,126.86579754948616,142.6494658589363,164.26500177383423,191.22909998893738,222.6751465201378,255.14788603782654,283.54465967416763,307.35744869709015,325.8197939991951,337.9278785586357,345.7629404067993,351.4186314344406,354.10624957084656,126.58537356555462,140.8903287947178,162.4438657462597,185.30629119277,205.50240954756737,256.62051087617874,277.7697885632515,300.4523712992668,321.34285694360733,334.6418104171753,230.63944613933563,230.21385824680328,229.7061208486557,229.02931934595108,197.720352768898,211.88577955961227,227.19709700345993,242.8397906422615,256.726837515831,146.21668769419193,162.21409505605698,178.54536226391792,194.01630154252052,177.98781996965408,161.72118923068047,266.3002616763115,283.0824807882309,299.1384363770485,313.9873991012573,299.08183550834656,282.7638701200485,170.47212487459183,190.56253200769424,210.61587339639664,224.26011151075363,238.86093771457672,259.2274389266968,277.6126987338066,259.0351296067238,239.1185868382454,222.73078909516335,207.17190659046173,188.38235235214233,177.53806373476982,209.62326577305794,224.00749123096466,239.19721966981888,270.71275568008423,239.07505041360855,223.51455903053284,208.91287124156952,340.36182111501694,373.36032098531723,406.71593910455704,440.07481014728546,470.79352056980133,497.83182060718536,519.6693114042282,535.2963910102844,540.5823389291763,537.9320327043533,525.2794615030289,506.31588464975357,481.6474184989929,451.99232614040375,419.44283521175385,386.70928156375885,354.1238590180874,301.6806529313326,285.9505567550659,280.2068565636873,282.48195564746857,290.96073588728905,291.0313111394644,284.3477798104286,283.7838020026684,291.29974326491356,308.14292392134666,329.40714409947395,351.6149670481682,372.7545475065708,394.2449162006378,416.4053431749344,420.64265406131744,424.07274758815765,421.85537910461426,418.65889823436737,338.7736559510231,333.4016550183296,333.8715354204178,341.5939757823944,344.94872456789017,344.6049345135689,343.7922663092613,336.7178434729576,337.7315950989723,344.65253269672394,348.771911919117,348.077896296978,464.722879588604,453.6024529337883,448.04821795225143,451.949387550354,449.24102103710175,456.9810447692871,468.84978449344635,482.3343480229378,488.60863959789276,489.310849070549,487.3591653108597,479.4629836678505,464.8723909854889,462.8634733557701,464.8314041495323,463.87567764520645,468.6525694131851,470.2687976360321,471.0384920835495,469.029345870018,0.023431052,0.044121478,0.0081046745,0.9054768,0.9960159,0.047391616,0.98629844,0.41045624,0.6917585,0.022207566,0.007810987,0.00096739177,-1.4707043829346844,2.7307495262251793,-0.14005824665343206,0.0018588623,0.0003060149,0.0023689354,0.0035724824,0.015103059,0.003363664,0.97342694,sample_2.mp4
